pedrosanchez,c9129b66-06fe-3c0d-99dd-8dccfe2cecb2
iambeach,40d0f19c-763b-3866-8a71-c946d897425f
hugo,be6515d7-3c0e-3578-be59-930008518512
opuscostum,41a3fcb7-0db5-36d4-98ac-0d96106b1a11
jkgarrido08,3ca63962-c8a1-39eb-ba33-1a992b231aa2
edjac37,6bed7cad-8470-3dab-b8f3-8379079d5c1a
atomic4nt,3a0b5f31-7b2e-345a-a09f-88119bffa523
esparya,a28765ef-8be7-335a-9cdb-b14721b34213
pepe2,2732ada2-4eb0-3206-89fc-65f94bb6601e
_miomio_,198f06b9-bac0-386b-a7c9-4c41350a2f8b
luichini,b661dd8c-d3b7-3b33-9101-2db34b1f6f24
whiltrak19,d28d4a67-e62e-3914-99b8-9842edd424d4
franchu,b25111cd-1026-39ef-8827-3b3672a06314
ptrixi,0e3d2aa5-0a64-3304-ac23-13d10fea16c0
pedro_coles,18cbe673-3db3-320e-b5c8-96c94223cd3c
sojezz,31005239-c570-3be1-bb81-557ae586435f
wensitus,65fbe538-47f5-3b32-8314-79d5c849df28
kira10g,788dfdbb-dd26-38c9-b4a3-46a606225ebe
puyolfolla,10e47d2b-0c3a-3bd9-99ac-1ef2fb51f23e
jacquexz2aaa,7b61e01f-e50d-325a-8cf7-964ceaaf063a
pandora200013,76d1f6cf-df0f-36d1-9d34-0d79aa1546f4
rocio_131,c8d698bf-3c10-344b-8dbe-cb4ef07d4beb
deadboy,259e1497-c710-394c-9d80-dd2f55800ae1
warrolio,074c1f2e-4082-3a73-bc31-d47f417ac3e0
ania,f9002a9b-2a06-3738-ad9a-57111d573ee5
huggosan,d5a92722-cd93-3d2b-917f-736194e554bd
yaiips,44a0ba73-5a78-3121-ab4a-3289d9f22bf2
tax,2c5f00ba-902c-411b-b9b9-9261cf43aee1
finn,345f173a-79c1-2cb5-8ba9-2d4181d15123
xdeshh,648bae3a-b442-3625-9042-a337a604f7d0
emmittta,87cc7d2d-7deb-3f9a-8675-6eac84798cb0
pspsps,4bce1cc4-7aa1-385e-9f65-1ba5df79e64c
sisternita452,2d11c5f2-87d1-3530-b297-6ab827d670b8
pollagordark,d888472e-e1fa-33da-9dcb-9ced24840874
steelfox113,215efd2c-5a59-372d-abc1-c4adec14dcb5
codplayer_yt,f7b33cfe-5da5-305a-aa4a-aa4ad4bda715
froggyminecraft,aecbf99e-dd5b-3989-a97b-072c0d9b9938
xhighhz,398358cf-520a-327a-9137-351693b527a6
worldcodgamer,66df1363-84b3-3186-a642-36ab8e9a187a
bomo23,cbaa6a3a-f28f-3dc7-8cd8-3be58bba2fe7
eldiosx,b892bfc8-47ca-3b72-bd10-1892db3dedc8
